{
  "hash": "ef34e34c",
  "configHash": "9221c5aa",
  "lockfileHash": "3cde0698",
  "browserHash": "ed5b7480",
  "optimized": {
    "@angular/core": {
      "src": "../../../../../../node_modules/@angular/core/fesm2022/core.mjs",
      "file": "@angular_core.js",
      "fileHash": "2dcd4579",
      "needsInterop": false
    },
    "@angular/platform-browser": {
      "src": "../../../../../../node_modules/@angular/platform-browser/fesm2022/platform-browser.mjs",
      "file": "@angular_platform-browser.js",
      "fileHash": "f378e89d",
      "needsInterop": false
    },
    "@angular/router": {
      "src": "../../../../../../node_modules/@angular/router/fesm2022/router.mjs",
      "file": "@angular_router.js",
      "fileHash": "d161fe6f",
      "needsInterop": false
    },
    "@angular/common": {
      "src": "../../../../../../node_modules/@angular/common/fesm2022/common.mjs",
      "file": "@angular_common.js",
      "fileHash": "33936b01",
      "needsInterop": false
    },
    "@angular/forms": {
      "src": "../../../../../../node_modules/@angular/forms/fesm2022/forms.mjs",
      "file": "@angular_forms.js",
      "fileHash": "a7a4b38a",
      "needsInterop": false
    },
    "@angular/common/http": {
      "src": "../../../../../../node_modules/@angular/common/fesm2022/http.mjs",
      "file": "@angular_common_http.js",
      "fileHash": "183866a2",
      "needsInterop": false
    }
  },
  "chunks": {
    "chunk-DS4VIY44": {
      "file": "chunk-DS4VIY44.js"
    },
    "chunk-YSME3UYY": {
      "file": "chunk-YSME3UYY.js"
    },
    "chunk-RF36Z2GR": {
      "file": "chunk-RF36Z2GR.js"
    },
    "chunk-CSPLI7JI": {
      "file": "chunk-CSPLI7JI.js"
    },
    "chunk-JSLWBNZY": {
      "file": "chunk-JSLWBNZY.js"
    }
  }
}